	term	prediction-low_complexity-merge	prediction-proline_rich-mobidb_lite_sub
0	0	0	0
1	0	0	0
2	0	0	0
3	0	0	0
4	0	0	0
5	0	0	0
6	0	0	0
7	0	0	0
8	0	0	0
9	0	0	0
10	0	0	0
11	0	0	0
12	0	0	0
13	0	0	0
14	0	0	0
15	0	1	0
16	0	1	0
17	0	1	0
18	0	1	0
19	0	1	0
20	0	1	0
21	0	1	0
22	0	1	0
23	0	1	0
24	0	1	0
25	0	1	0
26	0	1	0
27	0	1	0
28	0	1	0
29	0	1	0
30	0	1	0
31	0	1	0
32	0	1	0
33	0	1	0
34	0	1	0
35	0	0	0
36	0	0	0
37	0	0	0
38	0	0	0
39	0	0	0
40	0	0	0
41	0	0	0
42	0	0	0
43	0	0	0
44	0	0	0
45	0	0	0
46	0	0	0
47	1	0	0
48	1	0	0
49	1	0	0
50	1	0	0
51	1	0	0
52	1	0	0
53	1	0	0
54	1	0	0
55	1	0	0
56	1	0	0
57	1	1	0
58	1	1	0
59	1	1	0
60	1	1	0
61	1	1	0
62	1	1	0
63	1	1	0
64	1	1	0
65	1	1	0
66	1	1	0
67	1	1	0
68	1	1	0
69	1	1	0
70	1	1	0
71	1	0	0
72	1	0	0
73	1	0	0
74	1	0	0
75	1	0	0
76	0	0	0
